,accuracy,0_precision,0_recall,0_f1-score,1_precision,1_recall,1_f1-score,macro avg_precision,macro avg_recall,macro avg_f1-score,weighted avg_precision,weighted avg_recall,weighted avg_f1-score
0,0.8361774744027304,0.892018779342723,0.8837209302325582,0.8878504672897196,0.6875,0.7051282051282052,0.6962025316455697,0.7897593896713615,0.7944245676803816,0.7920264994676447,0.8375735070262301,0.8361774744027304,0.8368315629202872
1,0.8327645051194539,0.874439461883408,0.9027777777777778,0.8883826879271071,0.7,0.6363636363636364,0.6666666666666666,0.7872197309417039,0.7695707070707071,0.7775246772968869,0.8285970094430585,0.8327645051194539,0.8301160202238513
2,0.825938566552901,0.9187817258883249,0.8379629629629629,0.8765133171912833,0.6354166666666666,0.7922077922077922,0.7052023121387283,0.7770991962774958,0.8150853775853776,0.7908578146650058,0.8443137751713703,0.825938566552901,0.831493018935151
3,0.8498293515358362,0.9479166666666666,0.8425925925925926,0.8921568627450981,0.6633663366336634,0.8701298701298701,0.7528089887640449,0.805641501650165,0.8563612313612313,0.8224829257545715,0.8731372283986077,0.8498293515358362,0.8555364316988827
Average,0.8361774744027304,0.9082891584452807,0.8667635658914729,0.886225833788302,0.6715707508250826,0.750957375957376,0.7052201248037524,0.7899299546351816,0.8088604709244244,0.7957229792960272,0.8459053800098167,0.8361774744027304,0.8384942584445431
