{"accuracy":{"0":0.6450511945,"1":0.6075085324,"2":0.6723549488,"3":0.6518771331,"Average":0.6441979522},"0_precision":{"0":0.8284023669,"1":0.8740740741,"2":0.8409090909,"3":0.8352941176,"Average":0.8446699124},"0_recall":{"0":0.6511627907,"1":0.5462962963,"2":0.6851851852,"3":0.6574074074,"Average":0.6350129199},"0_f1-score":{"0":0.7291666667,"1":0.6723646724,"2":0.7551020408,"3":0.7357512953,"Average":0.7230961688},"1_precision":{"0":0.3951612903,"1":0.3797468354,"2":0.4188034188,"3":0.3983739837,"Average":0.3980213821},"1_recall":{"0":0.6282051282,"1":0.7792207792,"2":0.6363636364,"3":0.6363636364,"Average":0.670038295},"1_f1-score":{"0":0.4851485149,"1":0.5106382979,"2":0.5051546392,"3":0.49,"Average":0.497735363},"macro avg_precision":{"0":0.6117818286,"1":0.6269104548,"2":0.6298562549,"3":0.6168340507,"Average":0.6213456472},"macro avg_recall":{"0":0.6396839595,"1":0.6627585378,"2":0.6607744108,"3":0.6468855219,"Average":0.6525256075},"macro avg_f1-score":{"0":0.6071575908,"1":0.5915014851,"2":0.63012834,"3":0.6128756477,"Average":0.6104157659},"weighted avg_precision":{"0":0.7130685649,"1":0.7441655506,"2":0.7299802965,"3":0.7204721029,"Average":0.7269216287},"weighted avg_recall":{"0":0.6450511945,"1":0.6075085324,"2":0.6723549488,"3":0.6518771331,"Average":0.6441979522},"weighted avg_f1-score":{"0":0.664206203,"1":0.6298632019,"2":0.6894162049,"3":0.6711681904,"Average":0.6636634501}}