,accuracy,0_precision,0_recall,0_f1-score,1_precision,1_recall,1_f1-score,macro avg_precision,macro avg_recall,macro avg_f1-score,weighted avg_precision,weighted avg_recall,weighted avg_f1-score
0,0.6006825938566553,0.9152542372881356,0.5023255813953489,0.6486486486486487,0.38857142857142857,0.8717948717948718,0.5375494071146245,0.6519128329297821,0.6870602265951103,0.5930990278816366,0.7750451619301044,0.6006825938566553,0.6190727413460758
1,0.6279863481228669,0.9212598425196851,0.5416666666666666,0.6822157434402333,0.4036144578313253,0.8701298701298701,0.551440329218107,0.6624371501755052,0.7058982683982684,0.6168280363291702,0.7852233421067032,0.6279863481228669,0.6478481431156472
2,0.6006825938566553,0.9304347826086956,0.49537037037037035,0.6465256797583081,0.38764044943820225,0.8961038961038961,0.5411764705882353,0.6590376160234489,0.6957371332371332,0.5938510751732717,0.7877891728676445,0.6006825938566553,0.6188400514098589
3,0.6484641638225256,0.9448818897637795,0.5555555555555556,0.6997084548104956,0.42168674698795183,0.9090909090909091,0.5761316872427984,0.6832843183758657,0.7323232323232323,0.637920071026647,0.8073869205018727,0.6484641638225256,0.6672326489991895
Average,0.6194539249146758,0.927957688045074,0.5237295434969853,0.6692746316644214,0.400378270707227,0.8867798867798868,0.5515744735409412,0.6641679793761505,0.7052547151384361,0.6104245526026815,0.7888611493515812,0.6194539249146758,0.6382483962176928
