,accuracy,0_precision,0_recall,0_f1-score,1_precision,1_recall,1_f1-score,macro avg_precision,macro avg_recall,macro avg_f1-score,weighted avg_precision,weighted avg_recall,weighted avg_f1-score
0,0.7866887143447706,0.8237179487179487,0.8923611111111112,0.8566666666666667,0.659963436928702,0.5224312590448625,0.5831987075928917,0.7418406928233253,0.7073961850779868,0.7199326871297792,0.7769406160819959,0.7866887143447706,0.7785491140746954
1,0.7809011988424969,0.8203208556149733,0.8877314814814815,0.8526959421901056,0.6466302367941712,0.5137481910274964,0.5725806451612904,0.7334755462045722,0.700739836254489,0.712638293675698,0.7707052220452444,0.7809011988424969,0.7726795427494644
2,0.7746071133167908,0.8229508196721311,0.8720324261725536,0.8467809952206916,0.6241496598639455,0.5311143270622286,0.5738858483189992,0.7235502397680383,0.701573376617391,0.7103334217698454,0.7661387429858382,0.7746071133167908,0.7687948304113164
3,0.7890818858560794,0.8326954620010935,0.8818760856977418,0.8565804274465691,0.6536502546689303,0.557163531114327,0.6015625,0.7431728583350119,0.7195198084060344,0.7290714637232846,0.781529110360678,0.7890818858560794,0.7837030958230873
Average,0.7828197280900344,0.8249212715015366,0.883500276115722,0.8531810078810083,0.6460983970639372,0.5311143270622287,0.5828069252682954,0.735509834282737,0.7073073015889753,0.7179939665746518,0.7738284228684391,0.7828197280900344,0.7759316457646408
