,accuracy,0_precision,0_recall,0_f1-score,1_precision,1_recall,1_f1-score,macro avg_precision,macro avg_recall,macro avg_f1-score,weighted avg_precision,weighted avg_recall,weighted avg_f1-score
0,0.8338156262918561,0.8970059880239521,0.8668981481481481,0.8816951147733961,0.6929238985313751,0.7510853835021708,0.7208333333333333,0.7949649432776636,0.8089917658251595,0.8012642240533647,0.8387088719266512,0.8338156262918561,0.8357441056890293
1,0.8292682926829268,0.8833819241982507,0.8767361111111112,0.8800464711007842,0.6974431818181818,0.7105643994211288,0.7039426523297491,0.7904125530082162,0.79365025526612,0.7919945617152666,0.8302675500830677,0.8292682926829268,0.8297414943456022
2,0.8267162944582299,0.8906810035842294,0.863346844238564,0.8768009408997354,0.6827956989247311,0.7351664254703328,0.7080139372822299,0.7867383512544803,0.7992566348544484,0.7924074390909827,0.8312729202427434,0.8267162944582299,0.8285661106682646
3,0.8329197684036393,0.8977751052315093,0.8645049218297626,0.8808259587020649,0.6900662251655629,0.7539797395079595,0.7206085753803596,0.7939206651985361,0.809242330668861,0.8007172670412123,0.8384174393400415,0.8329197684036393,0.8350400977114535
Average,0.830679995459163,0.8922110052594854,0.8678715063318965,0.8798421213689952,0.6908072511099628,0.7376989869753979,0.713349624581418,0.7915091281847241,0.8027852466536473,0.7965958729752066,0.8346666953981259,0.830679995459163,0.8322729521035874
