,accuracy,0_precision,0_recall,0_f1-score,1_precision,1_recall,1_f1-score,macro avg_precision,macro avg_recall,macro avg_f1-score,weighted avg_precision,weighted avg_recall,weighted avg_f1-score
0,0.8135593220338984,0.9100834938985228,0.8200231481481481,0.8627092846270928,0.6392111368909513,0.7973950795947902,0.7095943335479716,0.7746473153947371,0.8087091138714692,0.7861518090875322,0.8327073886102914,0.8135593220338984,0.8189711981468644
1,0.8226539892517569,0.9123809523809524,0.8315972222222222,0.8701180744777475,0.6552132701421801,0.8002894356005789,0.7205211726384365,0.7837971112615663,0.8159433289114005,0.7953196235580919,0.8389196591081158,0.8226539892517569,0.8273849371602758
2,0.8101736972704715,0.9027954256670903,0.8228141285466126,0.8609512269009391,0.6374407582938388,0.7785817655571635,0.7009771986970684,0.7701180919804645,0.800697947051888,0.7809642127990037,0.8269641290769675,0.8101736972704715,0.8152349103215865
3,0.825062034739454,0.9121365360303414,0.8355529820497973,0.8721668177697189,0.6602870813397129,0.7988422575976846,0.7229862475442044,0.7862118086850272,0.817197619823741,0.7975765326569617,0.8401646695327301,0.825062034739454,0.829534984012138
Average,0.8178622608238951,0.9093491019942267,0.827496870241695,0.8664863509438746,0.6480380616666708,0.7937771345875543,0.7135197381069203,0.7786935818304488,0.8106370024146247,0.7900030445253974,0.8346889615820261,0.8178622608238951,0.822781507410216
