,accuracy,0_precision,0_recall,0_f1-score,1_precision,1_recall,1_f1-score,macro avg_precision,macro avg_recall,macro avg_f1-score,weighted avg_precision,weighted avg_recall,weighted avg_f1-score
0,0.7167235494880546,0.8084112149532711,0.8046511627906977,0.8065268065268065,0.46835443037974683,0.47435897435897434,0.4713375796178344,0.6383828226665089,0.639505068574836,0.6389321930723204,0.7178841528483738,0.7167235494880546,0.7172955447558172
1,0.726962457337884,0.8300970873786407,0.7916666666666666,0.8104265402843602,0.4827586206896552,0.5454545454545454,0.5121951219512195,0.6564278540341479,0.668560606060606,0.6613108311177899,0.7388170125149824,0.726962457337884,0.7320517306882789
2,0.7201365187713311,0.8284313725490197,0.7824074074074074,0.8047619047619048,0.47191011235955055,0.5454545454545454,0.5060240963855421,0.6501707424542851,0.6639309764309764,0.6553930005737234,0.7347380720896712,0.7201365187713311,0.7262540165537821
3,0.7201365187713311,0.7991071428571429,0.8287037037037037,0.8136363636363636,0.463768115942029,0.4155844155844156,0.4383561643835616,0.6314376293995859,0.6221440596440597,0.6259962640099626,0.7109805043845703,0.7201365187713311,0.7150132396006443
Average,0.7209897610921501,0.8165117044345186,0.8018572351421188,0.8088379038023588,0.4716978198427454,0.49521312021312025,0.4819782405845394,0.644104762138632,0.6485351776776196,0.6454080721934491,0.7256049354593994,0.7209897610921501,0.7226536328996307
