,accuracy,0_precision,0_recall,0_f1-score,1_precision,1_recall,1_f1-score,macro avg_precision,macro avg_recall,macro avg_f1-score,weighted avg_precision,weighted avg_recall,weighted avg_f1-score
0,0.8334022323274081,0.8964691801316577,0.8668981481481481,0.8814357163871727,0.6925133689839572,0.7496382054992764,0.7199444058373871,0.7944912745578074,0.8082681768237123,0.8006900611122798,0.8382081361039351,0.8334022323274081,0.8353048790205327
1,0.8292682926829268,0.8833819241982507,0.8767361111111112,0.8800464711007842,0.6974431818181818,0.7105643994211288,0.7039426523297491,0.7904125530082162,0.79365025526612,0.7919945617152666,0.8302675500830677,0.8292682926829268,0.8297414943456022
2,0.8267162944582299,0.8906810035842294,0.863346844238564,0.8768009408997354,0.6827956989247311,0.7351664254703328,0.7080139372822299,0.7867383512544803,0.7992566348544484,0.7924074390909827,0.8312729202427434,0.8267162944582299,0.8285661106682646
3,0.8329197684036393,0.8977751052315093,0.8645049218297626,0.8808259587020649,0.6900662251655629,0.7539797395079595,0.7206085753803596,0.7939206651985361,0.809242330668861,0.8007172670412123,0.8384174393400415,0.8329197684036393,0.8350400977114535
Average,0.830576646968051,0.8920768032864117,0.8678715063318965,0.8797772717724393,0.6907046187231083,0.7373371924746743,0.7131273927074314,0.79139071100476,0.8026043494032854,0.7964523322399354,0.8345415114424468,0.830576646968051,0.8321631454364632
