{"accuracy":{"0":0.8334022323,"1":0.8292682927,"2":0.8267162945,"3":0.8329197684,"Average":0.830576647},"0_precision":{"0":0.8964691801,"1":0.8833819242,"2":0.8906810036,"3":0.8977751052,"Average":0.8920768033},"0_recall":{"0":0.8668981481,"1":0.8767361111,"2":0.8633468442,"3":0.8645049218,"Average":0.8678715063},"0_f1-score":{"0":0.8814357164,"1":0.8800464711,"2":0.8768009409,"3":0.8808259587,"Average":0.8797772718},"1_precision":{"0":0.692513369,"1":0.6974431818,"2":0.6827956989,"3":0.6900662252,"Average":0.6907046187},"1_recall":{"0":0.7496382055,"1":0.7105643994,"2":0.7351664255,"3":0.7539797395,"Average":0.7373371925},"1_f1-score":{"0":0.7199444058,"1":0.7039426523,"2":0.7080139373,"3":0.7206085754,"Average":0.7131273927},"macro avg_precision":{"0":0.7944912746,"1":0.790412553,"2":0.7867383513,"3":0.7939206652,"Average":0.791390711},"macro avg_recall":{"0":0.8082681768,"1":0.7936502553,"2":0.7992566349,"3":0.8092423307,"Average":0.8026043494},"macro avg_f1-score":{"0":0.8006900611,"1":0.7919945617,"2":0.7924074391,"3":0.800717267,"Average":0.7964523322},"weighted avg_precision":{"0":0.8382081361,"1":0.8302675501,"2":0.8312729202,"3":0.8384174393,"Average":0.8345415114},"weighted avg_recall":{"0":0.8334022323,"1":0.8292682927,"2":0.8267162945,"3":0.8329197684,"Average":0.830576647},"weighted avg_f1-score":{"0":0.835304879,"1":0.8297414943,"2":0.8285661107,"3":0.8350400977,"Average":0.8321631454}}