,accuracy,0_precision,0_recall,0_f1-score,1_precision,1_recall,1_f1-score,macro avg_precision,macro avg_recall,macro avg_f1-score,weighted avg_precision,weighted avg_recall,weighted avg_f1-score
0,0.9185613890037205,0.9288515406162465,0.9594907407407407,0.9439225732991745,0.889589905362776,0.8162083936324168,0.8513207547169811,0.9092207229895113,0.8878495671865787,0.8976216640080779,0.9176362491899761,0.9185613890037205,0.9174703795661049
1,0.9123604795369987,0.9417249417249417,0.9351851851851852,0.9384436701509872,0.8406827880512091,0.8552821997105644,0.8479196556671449,0.8912038648880753,0.8952336924478748,0.8931816629090661,0.9128617221348014,0.9123604795369987,0.91258501202435
2,0.9259718775847808,0.9382785956964892,0.9594672843080486,0.9487546521614658,0.8926380368098159,0.8422575976845152,0.8667163067758749,0.9154583162531525,0.900862440996282,0.9077354794686703,0.9252357395382215,0.9259718775847808,0.9253102780252195
3,0.923904052936311,0.958407605466429,0.9339895773016792,0.9460410557184751,0.8448979591836735,0.8986975397973951,0.8709677419354839,0.9016527823250513,0.9163435585495372,0.9085043988269794,0.9259695717272295,0.923904052936311,0.9245871021105152
Average,0.9201994497654529,0.9418156708760266,0.9470331968839135,0.9442904878325256,0.8669521723518686,0.8531114327062229,0.8592311147738712,0.9043839216139477,0.9000723147950681,0.9017608013031984,0.9204258206475571,0.9201994497654529,0.9199881929315474
