,accuracy,0_precision,0_recall,0_f1-score,1_precision,1_recall,1_f1-score,macro avg_precision,macro avg_recall,macro avg_f1-score,weighted avg_precision,weighted avg_recall,weighted avg_f1-score,threshold
0,0.5981810665564283,0.7842105263157895,0.6035879629629629,0.6821451929365598,0.3709825528007346,0.5846599131693199,0.45393258426966293,0.5775965395582621,0.5941239380661414,0.5680388886031114,0.6661697947329441,0.5981810665564283,0.6169550678481656,61
1,0.5944605208763952,0.7744305657604702,0.6099537037037037,0.6824214956296536,0.3629489603024575,0.5557163531114327,0.4391080617495712,0.5686897630314638,0.5828350284075683,0.5607647786896124,0.6568886933456349,0.5944605208763952,0.6129177408503493,61
2,0.6062861869313482,0.7898279730740464,0.6114649681528662,0.6892950391644909,0.3792784458834413,0.5933429811866859,0.46275395033860045,0.5845532094787438,0.602403974669776,0.5760244947515456,0.6725038526072523,0.6062861869313482,0.6245556295785973,61
3,0.598428453267163,0.7889908256880734,0.5975680370584829,0.6800658978583196,0.3738738738738739,0.6005788712011577,0.4608550805108273,0.5814323497809737,0.5990734541298204,0.5704604891845735,0.6703614569107319,0.598428453267163,0.6174212846295697,61
Average,0.5993 ± 0.0079,0.7844 ± 0.0113,0.6056 ± 0.0101,0.6835 ± 0.0064,0.3718 ± 0.0108,0.5836 ± 0.0313,0.4542 ± 0.0171,0.5781 ± 0.0109,0.5946 ± 0.0136,0.5688 ± 0.0101,0.6665 ± 0.0110,0.5993 ± 0.0079,0.6180 ± 0.0077,61.0000 ± 0.0000
