,accuracy,0_precision,0_recall,0_f1-score,1_precision,1_recall,1_f1-score,macro avg_precision,macro avg_recall,macro avg_f1-score,weighted avg_precision,weighted avg_recall,weighted avg_f1-score
0,0.7440273037542662,0.8181818181818182,0.8372093023255814,0.8275862068965517,0.5205479452054794,0.48717948717948717,0.5033112582781457,0.6693648816936488,0.6621943947525343,0.6654487325873487,0.738948227423612,0.7440273037542662,0.7412604526568395
1,0.7508532423208191,0.8264840182648402,0.8379629629629629,0.832183908045977,0.527027027027027,0.5064935064935064,0.5165562913907285,0.6767555226459336,0.6722282347282347,0.6743700997183527,0.747787129782548,0.7508532423208191,0.749237401279922
2,0.7747440273037542,0.8504672897196262,0.8425925925925926,0.8465116279069768,0.569620253164557,0.5844155844155844,0.5769230769230769,0.7100437714420915,0.7135040885040884,0.7117173524150269,0.7766610719218776,0.7747440273037542,0.7756641247473852
3,0.7747440273037542,0.8289473684210527,0.875,0.8513513513513513,0.5846153846153846,0.4935064935064935,0.5352112676056338,0.7067813765182187,0.6842532467532467,0.6932813094784925,0.7647372566359454,0.7747440273037542,0.7682701689335347
Average,0.7610921501706485,0.8310201236468343,0.8481912144702842,0.8394082735502142,0.550452652503112,0.5178987678987679,0.5330004735493962,0.6907363880749732,0.683044991184526,0.6862043735498051,0.7570334214409957,0.7610921501706485,0.7586080369044204
