,accuracy,0_precision,0_recall,0_f1-score,1_precision,1_recall,1_f1-score,macro avg_precision,macro avg_recall,macro avg_f1-score,weighted avg_precision,weighted avg_recall,weighted avg_f1-score
0,0.6450511945392492,0.8284023668639053,0.6511627906976745,0.7291666666666666,0.3951612903225806,0.6282051282051282,0.48514851485148514,0.611781828593243,0.6396839594514013,0.6071575907590758,0.7130685649177506,0.6450511945392492,0.6642062030435125
1,0.6075085324232082,0.8740740740740741,0.5462962962962963,0.6723646723646723,0.379746835443038,0.7792207792207793,0.5106382978723404,0.626910454758556,0.6627585377585378,0.5915014851185063,0.7441655506113104,0.6075085324232082,0.6298632019349469
2,0.6689419795221843,0.84,0.6805555555555556,0.7519181585677749,0.4152542372881356,0.6363636363636364,0.5025641025641026,0.6276271186440678,0.658459595959596,0.6272411305659387,0.7283773934170186,0.6689419795221843,0.6863882530651033
3,0.6552901023890785,0.8402366863905325,0.6574074074074074,0.7376623376623377,0.4032258064516129,0.6493506493506493,0.4975124378109453,0.6217312464210727,0.6533790283790284,0.6175873877366415,0.7253908237444682,0.6552901023890785,0.6745512718310844
Average,0.64419795221843,0.8456782818321279,0.6338555124892334,0.7227779588153629,0.3983470423763418,0.6732850482850483,0.4989658382747183,0.6220126621042349,0.6535702803871408,0.6108718985450405,0.727750583172637,0.64419795221843,0.6637522324686618
