,accuracy,0_precision,0_recall,0_f1-score,1_precision,1_recall,1_f1-score,macro avg_precision,macro avg_recall,macro avg_f1-score,weighted avg_precision,weighted avg_recall,weighted avg_f1-score
0,0.6416382252559727,0.8525641025641025,0.6186046511627907,0.7169811320754716,0.40145985401459855,0.7051282051282052,0.5116279069767442,0.6270119782893505,0.661866428145498,0.6143045195261079,0.7324749169434155,0.6416382252559727,0.6623137206157421
1,0.6518771331058021,0.8851351351351351,0.6064814814814815,0.7197802197802198,0.41379310344827586,0.7792207792207793,0.5405405405405406,0.6494641192917054,0.6928511303511304,0.6301603801603801,0.7612670926781788,0.6518771331058021,0.6726762767718399
2,0.6825938566552902,0.8819875776397516,0.6574074074074074,0.753315649867374,0.4393939393939394,0.7532467532467533,0.5550239234449761,0.6606907585168454,0.7053270803270804,0.6541697866561751,0.7656745737321491,0.6825938566552902,0.7012048548689963
3,0.6791808873720137,0.8910256410256411,0.6435185185185185,0.7473118279569892,0.43795620437956206,0.7792207792207793,0.5607476635514018,0.6644909227026016,0.7113696488696488,0.6540297457541955,0.7719596115998797,0.6791808873720137,0.6982830202463058
Average,0.6638225255972696,0.8776781140911576,0.6315030146425495,0.7343472074200137,0.42315077530909395,0.7542041292041293,0.5419850086284157,0.6504144447001258,0.6928535719233395,0.6381661080242147,0.7578440487384057,0.6638225255972696,0.683619468125721
