,accuracy,0_precision,0_recall,0_f1-score,1_precision,1_recall,1_f1-score,macro avg_precision,macro avg_recall,macro avg_f1-score,weighted avg_precision,weighted avg_recall,weighted avg_f1-score
0,0.8784621744522529,0.9278042959427207,0.8998842592592593,0.9136310223266745,0.7671601615074024,0.8248914616497829,0.7949790794979079,0.8474822287250616,0.8623878604545211,0.8543050509122911,0.8819154588634296,0.8784621744522529,0.8797374743751748
1,0.7490698635799917,0.7416990081931867,0.9953703703703703,0.8500123548307388,0.92,0.13314037626628075,0.23261694058154236,0.8308495040965933,0.5642553733183255,0.5413146477061406,0.7926316189160094,0.7490698635799917,0.6736501261221011
2,0.8205128205128205,0.8243853487205218,0.9513607411696584,0.8833333333333333,0.8023529411764706,0.4934876989869754,0.6111111111111112,0.8133691449484962,0.7224242200783169,0.7472222222222222,0.8180890734463533,0.8205128205128205,0.8055394724749564
3,0.7328370554177006,0.7285412262156448,0.9976838448176027,0.8421309872922776,0.9245283018867925,0.07091172214182344,0.13172043010752688,0.8265347640512186,0.5342977834797131,0.48692570869990226,0.7845491126047114,0.7328370554177006,0.6391145708263295
Average,0.7952204784906914,0.8056074697680184,0.9610748039042227,0.8722769244457561,0.8535103511426664,0.38060781476121563,0.44260689032452205,0.8295589104553425,0.6708413093327191,0.6574419073851391,0.8192963159576259,0.7952204784906914,0.7495104109496404
